<?xml version="1.0" encoding="utf-8"?>
<?xml-stylesheet type="text/xsl" href="../../../../xsl/mobilepage.xsl"?>

<page breadcrumb=".." xmlns="http://gov.ns.ca/xmlns/page">
  <title>Harbourview Hospital</title>
  <content>
  	<html xmlns="http://www.w3.org/1999/xhtml">
		<h3>Harbourview Hospital</h3>
		<h4>Cape Breton Health Authority - District 8</h4>
			<dl>
				<dt>Address:</dt>
				<dd>22 Richard Street<br />Sydney Mines, NS B1V 2H7</dd> 
					<dt>Tel:</dt>
					<dd><a href="tel:+19027362831">(902)736-2831</a></dd>
					<dt>Website:</dt>
					<dd><a href="http://www.cbdha.nshealth.ca/IC2/Intranet/departments/home.cfm?MenuID=5011">Harbourview Hospital</a></dd>
				</dl>
	</html>
  </content>
</page>
