<?xml version="1.0" encoding="utf-8"?>
<?xml-stylesheet type="text/xsl" href="../../../../xsl/mobilepage.xsl"?>

<page breadcrumb=".." xmlns="http://gov.ns.ca/xmlns/page">
  <title>Digby General Hospital</title>
  <content>
  	<html xmlns="http://www.w3.org/1999/xhtml">
		<h3>Digby General Hospital</h3>
		<h4>SouthWest Health - District 2</h4>
			<dl>
				<dt>Address:</dt>
				<dd>75 Warwick Street<br />Digby, NS B0V 1A0</dd> 
					<dt>Tel:</dt>
					<dd><a href="tel:+19022452501">(902)245-2501</a></dd>
					<dt>Website:</dt>
					<dd><a href="http://www.swndha.nshealth.ca/pages/DigbyGenHospMain.htm">Digby General Hospital</a></dd>
				</dl>
	</html>
  </content>
</page>
