<?xml version="1.0" encoding="utf-8"?>
<?xml-stylesheet type="text/xsl" href="../../../../xsl/mobilepage.xsl"?>

<page breadcrumb=".." xmlns="http://gov.ns.ca/xmlns/page">
  <title>Sacred Heart Community Health Centre</title>
  <content>
  	<html xmlns="http://www.w3.org/1999/xhtml">
		<h3>Sacred Heart Community Health Centre</h3>
		<h4>Cape Breton Health Authority - District 8</h4>
			<dl>
				<dt>Address:</dt>
				<dd>15102 Cabot Trail<br />PO Box 129<br />Cheticamp, NS B0E 1H0</dd> 
					<dt>Tel:</dt>
					<dd><a href="tel:+19022241500">(902)224-1500</a></dd>
					<dt>Website:</dt>
					<dd><a href="http://www.cbdha.nshealth.ca/ic2/intranet/departments/home.cfm?menuid=5015">Sacred Heart Community Health Centre</a></dd>
				</dl>
	</html>
  </content>
</page>
