<?xml version="1.0" encoding="utf-8"?>
<?xml-stylesheet type="text/xsl" href="../../../../xsl/mobilepage.xsl"?>

<page breadcrumb=".." xmlns="http://gov.ns.ca/xmlns/page">
  <title>Cobequid Community Health Centre</title>
  <content>
  	<html xmlns="http://www.w3.org/1999/xhtml">
		<h3>Cobequid Community Health Centre</h3>
		<h4>Capital Health District 9</h4>
			<dl>
				<dt>Address:</dt>
				<dd>40 Freer Lane<br />Lower Sackville, NS B4C 0A2</dd> 
					<dt>Tel:</dt>
					<dd><a href="tel:+19028696100">(902)869-6100</a></dd>
					<dt>Website:</dt>
					<dd><a href="http://www.cdha.nshealth.ca/about-us/our-facilities/cobequid-community-health-centre">Cobequid Community Health Centre</a></dd>
				</dl>
	</html>
  </content>
</page>
