<?xml version="1.0" encoding="utf-8"?>
<?xml-stylesheet type="text/xsl" href="../../../../xsl/mobilepage.xsl"?>

<page breadcrumb=".." xmlns="http://gov.ns.ca/xmlns/page">
  <title>Colchester Regional Hospital</title>
  <content>
  	<html xmlns="http://www.w3.org/1999/xhtml">
		<h3>Colchester Regional Hospital</h3>
		<h4>Colchester East Hants Health Authority - District 4</h4>
			<dl>
				<dt>Address:</dt>
				<dd>40 Freer Lane<br />Lower Sackville, NS B4C 0A2</dd> 
					<dt>Tel:</dt>
					<dd><a href="tel:+19028696100">(902)869-6100</a></dd>
					<dt>Website:</dt>
					<dd><a href="http://www.cha.nshealth.ca">Colchester Regional Hospital</a></dd>
				</dl>
	</html>
  </content>
</page>
