<?xml version="1.0" encoding="utf-8"?>
<?xml-stylesheet type="text/xsl" href="../../../../xsl/mobilepage.xsl"?>

<page breadcrumb=".." xmlns="http://gov.ns.ca/xmlns/page">
  <title>The Nova Scotia Hospital</title>
  <content>
  	<html xmlns="http://www.w3.org/1999/xhtml">
		<h3>The Nova Scotia Hospital</h3>
		<h4>Capital Health District 9</h4>
			<dl>
				<dt>Address:</dt>
				<dd>300 Pleasant Street<br />PO Box 1004<br />Dartmouth, NS B2Y 3Z9</dd> 
					<dt>Tel:</dt>
					<dd><a href="tel:+19024643111">(902)464-3111</a></dd>
					<dt>Website:</dt>
					<dd><a href="http://www.cdha.nshealth.ca/about-us/our-facilities/nova-scotia-hospital">The Nova Scotia Hospital</a></dd>
				</dl>
	</html>
  </content>
</page>
