<?xml version="1.0" encoding="utf-8"?>
<?xml-stylesheet type="text/xsl" href="../../../../xsl/mobilepage.xsl"?>

<page breadcrumb=".." xmlns="http://gov.ns.ca/xmlns/page">
  <title>Inverness Consolidated Memorial Hospital</title>
  <content>
  	<html xmlns="http://www.w3.org/1999/xhtml">
		<h3>Inverness Consolidated Memorial Hospital</h3>
		<h4>Cape Breton Health Authority - District 8</h4>
			<dl>
				<dt>Address:</dt>
				<dd>39 James Street<br />PO Box 610<br />Inverness Mines, NS B0E 1N0</dd> 
					<dt>Tel:</dt>
					<dd><a href="tel:+19022582100">(902)258-2100</a></dd>
					<dt>Website:</dt>
					<dd><a href="http://www.nslocal.ca/results.php?hide_id=1309&amp;hide_stylesheet=1">Inverness Consolidated Memorial Hospital</a></dd>
				</dl>
	</html>
  </content>
</page>
