<?xml version="1.0" encoding="utf-8"?>
<?xml-stylesheet type="text/xsl" href="../../../../xsl/mobilepage.xsl"?>

<page breadcrumb=".." xmlns="http://gov.ns.ca/xmlns/page">
  <title>Buchanan Memorial Community Health Centre</title>
  <content>
  	<html xmlns="http://www.w3.org/1999/xhtml">
		<h3>Buchanan Memorial Community Health Centre</h3>
		<h4>Cape Breton Health Authority - District 8</h4>
			<dl>
				<dt>Address:</dt>
				<dd>32610 Cabot Trail<br />Neil’s Harbour, NS B0C 1N0</dd> 
					<dt>Tel:</dt>
					<dd><a href="tel:+19023362200">(902)336-2200</a></dd>
					<dt>Website:</dt>
					<dd><a href="http://www.nslocal.ca/buchananmemorial/">Buchanan Memorial Community Health Centre</a></dd>
				</dl>
	</html>
  </content>
</page>
