<?xml version="1.0" encoding="utf-8"?>
<?xml-stylesheet type="text/xsl" href="../../../../xsl/mobilepage.xsl"?>

<page breadcrumb=".." xmlns="http://gov.ns.ca/xmlns/page">
  <title>Sutherland Harris Memorial Hospital</title>
  <content>
  	<html xmlns="http://www.w3.org/1999/xhtml">
		<h3>Sutherland Harris Memorial Hospital</h3>
		<h4>Pictou County Health Authority - District 6</h4>
			<dl>
				<dt>Address:</dt>
				<dd>222 Haliburton Road<br />PO Box 1059<br />Pictou, NS B0K 1H0</dd> 
					<dt>Tel:</dt>
					<dd><a href="tel:+19024854324">(902)485-4324</a></dd>
					<dt>Website:</dt>
					<dd><a href="http://www.pcha.nshealth.ca/sutherlandharris/aboutus/default.htm">Sutherland Harris Memorial Hospital</a></dd>
				</dl>
	</html>
  </content>
</page>
