<?xml version="1.0" encoding="utf-8"?>
<?xml-stylesheet type="text/xsl" href="../../../../xsl/mobilepage.xsl"?>

<page breadcrumb=".." xmlns="http://gov.ns.ca/xmlns/page">
  <title>Dartmouth General Hospital</title>
  <content>
  	<html xmlns="http://www.w3.org/1999/xhtml">
		<h3>Dartmouth General Hospital</h3>
		<h4>Capital Health District 9</h4>
			<dl>
				<dt>Address:</dt>
				<dd>325 Pleasant Street<br />Dartmouth, NS B2Y 4G8</dd> 
					<dt>Tel:</dt>
					<dd><a href="tel:+19024658300">(902)465-8300</a></dd>
					<dt>Website:</dt>
					<dd><a href="http://www.cha.nshealth.ca/ourhospitals/cumberlandregional/">Dartmouth General Hospital</a></dd>
				</dl>
	</html>
  </content>
</page>
