<?xml version="1.0" encoding="utf-8"?>
<?xml-stylesheet type="text/xsl" href="../../../../xsl/mobilepage.xsl"?>

<page breadcrumb=".." xmlns="http://gov.ns.ca/xmlns/page">
  <title>Victoria General (VG) Site</title>
  <content>
  	<html xmlns="http://www.w3.org/1999/xhtml">
		<h3>Victoria General (VG) Site</h3>
		<h4>Capital Health - District 9</h4>
			<dl>
				<dt>Address:</dt>
				<dd>1278 Tower Road<br />Halifax, NS</dd> 
					<dt>Tel:</dt>
					<dd><a href="tel:+1902473-2700">(902)473-2700</a> (switchboard)</dd>
					<dt>Website:</dt>
					<dd><a href="http://www.cdha.nshealth.ca/about-us/our-facilities/qeii-health-sciences-centre">QEII Health Sciences Centre</a></dd>
				</dl>
	</html>
  </content>
</page>
