<?xml version="1.0" encoding="utf-8"?>
<?xml-stylesheet type="text/xsl" href="../../../../xsl/mobilepage.xsl"?>

<page breadcrumb=".." xmlns="http://gov.ns.ca/xmlns/page">
  <title>Annapolis Community Health Centre</title>
  <content>
  	<html xmlns="http://www.w3.org/1999/xhtml">
  		<h3>Annapolis Community Health Centre</h3>
		<h4>Annapolis Valley Health – District 3</h4>
			<dl>
				<dt>Address:</dt>
				<dd>821 St. George Street<br />PO Box 426<br />Annapolis Royal, NS B0S 1A0</dd> 
					<dt>Tel:</dt>
					<dd><a href="tel:+19025322381">(902)532-2381</a></dd>
					<dt>Website:</dt>
					<dd><a href="http://avdha.nshealth.ca/programs-services/browse-by-site/annapolis-community-health-centre">Annapolis Community Health Centre</a></dd>
				</dl>
	</html>
  </content>
</page>
