<?xml version="1.0" encoding="utf-8"?>
<?xml-stylesheet type="text/xsl" href="../../../../xsl/mobilepage.xsl"?>

<page breadcrumb=".." xmlns="http://gov.ns.ca/xmlns/page">
  <title>Hants Community Hospital</title>
  <content>
  	<html xmlns="http://www.w3.org/1999/xhtml">
		<h3>Hants Community Hospital</h3>
		<h4>Capital Health District 9</h4>
			<dl>
				<dt>Address:</dt>
				<dd>89 Payzant Drive<br />Windsor, NS B0N 2T0</dd> 
					<dt>Tel:</dt>
					<dd><a href="tel:+19027922000">(902)792-2000</a></dd>
					<dt>Website:</dt>
					<dd><a href="http://www.cdha.nshealth.ca/about-us/our-facilities/hants-community-hospital">Hants Community Hospital</a></dd>
				</dl>
	</html>
  </content>
</page>
